,year,slam,match_num,player1,player2,status,winner,event_name,round,court_name,court_id,player1id,player2id,nation1,nation2,match_id_num
0,2014,ausopen,1101,Rafael Nadal,Bernard Tomic,,,,,,,,,,,1101
1,2014,ausopen,1102,Thanasi Kokkinakis,Igor Sijsling,,,,,,,,,,,1102
2,2014,ausopen,1104,Ryan Harrison,Gael Monfils,,,,,,,,,,,1104
3,2014,ausopen,1105,Andreas Seppi,Lleyton Hewitt,,,,,,,,,,,1105
4,2014,ausopen,1108,Marinko Matosevic,Kei Nishikori,,,,,,,,,,,1108
5,2014,ausopen,1109,Milos Raonic,Daniel Gimeno-Traver,,,,,,,,,,,1109
6,2014,ausopen,1114,Nick Kyrgios,Benjamin Becker,,,,,,,,,,,1114
7,2014,ausopen,1116,Rhyne Williams,Juan Martin Del Potro,,,,,,,,,,,1116
8,2014,ausopen,1117,Andy Murray,Go Soeda,,,,,,,,,,,1117
9,2014,ausopen,1125,Jo-Wilfried Tsonga,Filippo Volandri,,,,,,,,,,,1125
10,2014,ausopen,1127,Marin Cilic,Marcel Granollers,,,,,,,,,,,1127
11,2014,ausopen,1129,Fernando Verdasco,Ze Zhang,,,,,,,,,,,1129
12,2014,ausopen,1132,James Duckworth,Roger Federer,,,,,,,,,,,1132
13,2014,ausopen,1133,Tomas Berdych,Aleksandr Nedovyesov,,,,,,,,,,,1133
14,2014,ausopen,1134,Di Wu,Kenny De Schepper,,,,,,,,,,,1134
15,2014,ausopen,1140,Guillermo Garcia-Lopez,Tommy Haas,,,,,,,,,,,1140
16,2014,ausopen,1144,Jordan Thompson,Jerzy Janowicz,,,,,,,,,,,1144
17,2014,ausopen,1148,Alejandro Gonzalez,David Ferrer,,,,,,,,,,,1148
18,2014,ausopen,1149,Stanislas Wawrinka,Andrey Golubev,,,,,,,,,,,1149
19,2014,ausopen,1151,Nicolas Mahut,Matthew Ebden,,,,,,,,,,,1151
20,2014,ausopen,1152,Samuel Groth,Vasek Pospisil,,,,,,,,,,,1152
21,2014,ausopen,1156,David Guez,Richard Gasquet,,,,,,,,,,,1156
22,2014,ausopen,1159,Santiago Giraldo,Sam Querrey,,,,,,,,,,,1159
23,2014,ausopen,1162,Marcos Baghdatis,Denis Istomin,,,,,,,,,,,1162
24,2014,ausopen,1164,Lukas Lacko,Novak Djokovic,,,,,,,,,,,1164
25,2014,ausopen,1201,Rafael Nadal,Thanasi Kokkinakis,,,,,,,,,,,1201
26,2014,ausopen,1202,Jack Sock,Gael Monfils,,,,,,,,,,,1202
27,2014,ausopen,1203,Andreas Seppi,Donald Young,,,,,,,,,,,1203
28,2014,ausopen,1207,Benoit Paire,Nick Kyrgios,,,,,,,,,,,1207
29,2014,ausopen,1208,Roberto Bautista Agut,Juan Martin Del Potro,,,,,,,,,,,1208
30,2014,ausopen,1209,Andy Murray,Vincent Millot,,,,,,,,,,,1209
31,2014,ausopen,1211,Stephane Robert,Michal Przysiezny,,,,,,,,,,,1211
32,2014,ausopen,1213,Jo-Wilfried Tsonga,Thomaz Bellucci,,,,,,,,,,,1213
33,2014,ausopen,1215,Fernando Verdasco,Teymuraz Gabashvili,,,,,,,,,,,1215
34,2014,ausopen,1216,Blaz Kavcic,Roger Federer,,,,,,,,,,,1216
35,2014,ausopen,1217,Tomas Berdych,Kenny De Schepper,,,,,,,,,,,1217
36,2014,ausopen,1221,Mikhail Youzhny,Florian Mayer,,,,,,,,,,,1221
37,2014,ausopen,1222,Pablo Andujar,Jerzy Janowicz,,,,,,,,,,,1222
38,2014,ausopen,1224,Adrian Mannarino,David Ferrer,,,,,,,,,,,1224
39,2014,ausopen,1225,Stanislas Wawrinka,Alejandro Falla,,,,,,,,,,,1225
40,2014,ausopen,1226,Matthew Ebden,Vasek Pospisil,,,,,,,,,,,1226
41,2014,ausopen,1227,Tommy Robredo,Julien Benneteau,,,,,,,,,,,1227
42,2014,ausopen,1228,Nikolay Davydenko,Richard Gasquet,,,,,,,,,,,1228
43,2014,ausopen,1229,Fabio Fognini,Jarkko Nieminen,,,,,,,,,,,1229
44,2014,ausopen,1230,Sam Querrey,Ernests Gulbis,,,,,,,,,,,1230
45,2014,ausopen,1231,Dmitry Tursunov,Denis Istomin,,,,,,,,,,,1231
46,2014,ausopen,1232,Leonardo Mayer,Novak Djokovic,,,,,,,,,,,1232
47,2014,ausopen,1301,Rafael Nadal,Gael Monfils,,,,,,,,,,,1301
48,2014,ausopen,1302,Donald Young,Kei Nishikori,,,,,,,,,,,1302
49,2014,ausopen,1303,Milos Raonic,Grigor Dimitrov,,,,,,,,,,,1303
50,2014,ausopen,1304,Benoit Paire,Roberto Bautista Agut,,,,,,,,,,,1304
51,2014,ausopen,1305,Andy Murray,Feliciano Lopez,,,,,,,,,,,1305
52,2014,ausopen,1306,Stephane Robert,Martin Klizan,,,,,,,,,,,1306
53,2014,ausopen,1307,Jo-Wilfried Tsonga,Gilles Simon,,,,,,,,,,,1307
54,2014,ausopen,1308,Teymuraz Gabashvili,Roger Federer,,,,,,,,,,,1308
55,2014,ausopen,1309,Tomas Berdych,Damir Dzumhur,,,,,,,,,,,1309
56,2014,ausopen,1310,Kevin Anderson,Edouard Roger-Vasselin,,,,,,,,,,,1310
57,2014,ausopen,1311,Florian Mayer,Jerzy Janowicz,,,,,,,,,,,1311
58,2014,ausopen,1312,Jeremy Chardy,David Ferrer,,,,,,,,,,,1312
59,2014,ausopen,1314,Tommy Robredo,Richard Gasquet,,,,,,,,,,,1314
60,2014,ausopen,1315,Fabio Fognini,Sam Querrey,,,,,,,,,,,1315
61,2014,ausopen,1316,Denis Istomin,Novak Djokovic,,,,,,,,,,,1316
62,2014,ausopen,1401,Rafael Nadal,Kei Nishikori,,,,,,,,,,,1401
63,2014,ausopen,1402,Grigor Dimitrov,Roberto Bautista Agut,,,,,,,,,,,1402
64,2014,ausopen,1403,Andy Murray,Stephane Robert,,,,,,,,,,,1403
65,2014,ausopen,1404,Jo-Wilfried Tsonga,Roger Federer,,,,,,,,,,,1404
66,2014,ausopen,1405,Tomas Berdych,Kevin Anderson,,,,,,,,,,,1405
67,2014,ausopen,1406,Florian Mayer,David Ferrer,,,,,,,,,,,1406
68,2014,ausopen,1407,Stanislas Wawrinka,Tommy Robredo,,,,,,,,,,,1407
69,2014,ausopen,1408,Fabio Fognini,Novak Djokovic,,,,,,,,,,,1408
70,2014,ausopen,1501,Rafael Nadal,Grigor Dimitrov,,,,,,,,,,,1501
71,2014,ausopen,1502,Andy Murray,Roger Federer,,,,,,,,,,,1502
72,2014,ausopen,1503,Tomas Berdych,David Ferrer,,,,,,,,,,,1503
73,2014,ausopen,1504,Stanislas Wawrinka,Novak Djokovic,,,,,,,,,,,1504
74,2014,ausopen,1601,Rafael Nadal,Roger Federer,,,,,,,,,,,1601
75,2014,ausopen,1602,Tomas Berdych,Stanislas Wawrinka,,,,,,,,,,,1602
76,2014,ausopen,1701,Rafael Nadal,Stanislas Wawrinka,,,,,,,,,,,1701
0,2014,frenchopen,1101,Rafael Nadal,Robby Ginepri,,,,,,,,,,,1101
1,2014,frenchopen,1102,Paul-Henri Mathieu,Dominic Thiem,,,,,,,,,,,1102
2,2014,frenchopen,1103,James Duckworth,Leonardo Mayer,,,,,,,,,,,1103
3,2014,frenchopen,1104,Teymuraz Gabashvili,Vasek Pospisil,,,,,,,,,,,1104
4,2014,frenchopen,1105,Nicolas Almagro,Jack Sock,,,,,,,,,,,1105
5,2014,frenchopen,1106,Steve Johnson,Laurent Lokoli,,,,,,,,,,,1106
6,2014,frenchopen,1107,Dusan Lajovic,Federico Delbonis,,,,,,,,,,,1107
7,2014,frenchopen,1108,Jurgen Zopp,Tommy Haas,,,,,,,,,,,1108
8,2014,frenchopen,1109,Grigor Dimitrov,Ivo Karlovic,,,,,,,,,,,1109
9,2014,frenchopen,1110,Andreas Haider-Maurer,Daniel Brands,,,,,,,,,,,1110
10,2014,frenchopen,1111,Axel Michon,Bradley Klahn,,,,,,,,,,,1111
11,2014,frenchopen,1112,Stephane Robert,Kevin Anderson,,,,,,,,,,,1112
12,2014,frenchopen,1113,Andreas Seppi,Santiago Giraldo,,,,,,,,,,,1113
13,2014,frenchopen,1114,Juan Monaco,Lucas Pouille,,,,,,,,,,,1114
14,2014,frenchopen,1115,Simone Bolelli,Andrea Arnaboldi,,,,,,,,,,,1115
15,2014,frenchopen,1116,Igor Sijsling,David Ferrer,,,,,,,,,,,1116
16,2014,frenchopen,1117,Stan Wawrinka,Guillermo Garcia-Lopez,,,,,,,,,,,1117
17,2014,frenchopen,1118,Adrian Mannarino,Yen-Hsun Lu,,,,,,,,,,,1118
18,2014,frenchopen,1119,Donald Young,Dudi Sela,,,,,,,,,,,1119
19,2014,frenchopen,1120,Damir Dzumhur,Feliciano Lopez,,,,,,,,,,,1120
20,2014,frenchopen,1121,Gael Monfils,Victor Hanescu,,,,,,,,,,,1121
21,2014,frenchopen,1122,Albano Olivetti,Jan-Lennard Struff,,,,,,,,,,,1122
22,2014,frenchopen,1123,Benjamin Becker,Thomaz Bellucci,,,,,,,,,,,1123
23,2014,frenchopen,1124,Andreas Beck,Fabio Fognini,,,,,,,,,,,1124
24,2014,frenchopen,1125,Richard Gasquet,Bernard Tomic,,,,,,,,,,,1125
25,2014,frenchopen,1126,Lleyton Hewitt,Carlos Berlocq,,,,,,,,,,,1126
26,2014,frenchopen,1127,Matthew Ebden,Pablo Cuevas,,,,,,,,,,,1127
27,2014,frenchopen,1128,Michael Llodra,Fernando Verdasco,,,,,,,,,,,1128
28,2014,frenchopen,1129,Philipp Kohlschreiber,Pere Riba,,,,,,,,,,,1129
29,2014,frenchopen,1130,Sergiy Stakhovsky,Denis Istomin,,,,,,,,,,,1130
30,2014,frenchopen,1131,Marinko Matosevic,Dustin Brown,,,,,,,,,,,1131
31,2014,frenchopen,1132,Andrey Golubev,Andy Murray,,,,,,,,,,,1132
32,2014,frenchopen,1133,Tomas Berdych,Peter Polansky,,,,,,,,,,,1133
33,2014,frenchopen,1134,Somdev Devvarman,Aleksandr Nedovyesov,,,,,,,,,,,1134
34,2014,frenchopen,1135,Alejandro Falla,Benoit Paire,,,,,,,,,,,1135
35,2014,frenchopen,1136,Paolo Lorenzi,Roberto Bautista Agut,,,,,,,,,,,1136
36,2014,frenchopen,1137,Tommy Robredo,James Ward,,,,,,,,,,,1137
37,2014,frenchopen,1138,Albert Montanes,Kenny De Schepper,,,,,,,,,,,1138
38,2014,frenchopen,1139,Nicolas Mahut,Mikhail Kukushkin,,,,,,,,,,,1139
39,2014,frenchopen,1140,Pierre-Hugues Herbert,John Isner,,,,,,,,,,,1140
40,2014,frenchopen,1141,Mikhail Youzhny,Pablo Carreno Busta,,,,,,,,,,,1141
41,2014,frenchopen,1142,Radek Stepanek,Facundo Arguello,,,,,,,,,,,1142
42,2014,frenchopen,1143,Facundo Bagnis,Julien Benneteau,,,,,,,,,,,1143
43,2014,frenchopen,1144,Lukasz Kubot,Ernests Gulbis,,,,,,,,,,,1144
44,2014,frenchopen,1145,Dmitry Tursunov,Potito Starace,,,,,,,,,,,1145
45,2014,frenchopen,1146,Filippo Volandri,Sam Querrey,,,,,,,,,,,1146
46,2014,frenchopen,1147,Gastao Elias,Ds.Schwartzman,,,,,,,,,,,1147
47,2014,frenchopen,1148,Lukas Lacko,Roger Federer,,,,,,,,,,,1148
48,2014,frenchopen,1149,Milos Raonic,Nick Kyrgios,,,,,,,,,,,1149
49,2014,frenchopen,1150,Lukas Rosol,Jiri Vesely,,,,,,,,,,,1150
50,2014,frenchopen,1151,Michael Russell,Alejandro Gonzalez,,,,,,,,,,,1151
51,2014,frenchopen,1152,Ante Pavic,Gilles Simon,,,,,,,,,,,1152
52,2014,frenchopen,1153,Alexandr Dolgopolov,Albert Ramos,,,,,,,,,,,1153
53,2014,frenchopen,1154,Ivan Dodig,Marcel Granollers,,,,,,,,,,,1154
54,2014,frenchopen,1155,Robin Haase,Nikolay Davydenko,,,,,,,,,,,1155
55,2014,frenchopen,1156,Martin Klizan,Kei Nishikori,,,,,,,,,,,1156
56,2014,frenchopen,1157,Jo-Wilfried Tsonga,Edouard Roger-Vasselin,,,,,,,,,,,1157
57,2014,frenchopen,1158,David Goffin,Jurgen Melzer,,,,,,,,,,,1158
58,2014,frenchopen,1159,Jarkko Nieminen,Michal Przysiezny,,,,,,,,,,,1159
59,2014,frenchopen,1160,Victor Estrella Burgos,Jerzy Janowicz,,,,,,,,,,,1160
60,2014,frenchopen,1161,Marin Cilic,Pablo Andujar,,,,,,,,,,,1161
61,2014,frenchopen,1162,Miloslav Mecir,Tobias Kamke,,,,,,,,,,,1162
62,2014,frenchopen,1163,Jeremy Chardy,Daniel Gimeno-Traver,,,,,,,,,,,1163
63,2014,frenchopen,1164,Joao Sousa,Novak Djokovic,,,,,,,,,,,1164
64,2014,frenchopen,1201,Rafael Nadal,Dominic Thiem,,,,,,,,,,,1201
65,2014,frenchopen,1202,Leonardo Mayer,Teymuraz Gabashvili,,,,,,,,,,,1202
66,2014,frenchopen,1203,Jack Sock,Steve Johnson,,,,,,,,,,,1203
67,2014,frenchopen,1204,Dusan Lajovic,Jurgen Zopp,,,,,,,,,,,1204
68,2014,frenchopen,1205,Ivo Karlovic,Andreas Haider-Maurer,,,,,,,,,,,1205
69,2014,frenchopen,1206,Axel Michon,Kevin Anderson,,,,,,,,,,,1206
70,2014,frenchopen,1207,Andreas Seppi,Juan Monaco,,,,,,,,,,,1207
71,2014,frenchopen,1208,Simone Bolelli,David Ferrer,,,,,,,,,,,1208
72,2014,frenchopen,1209,Guillermo Garcia-Lopez,Adrian Mannarino,,,,,,,,,,,1209
73,2014,frenchopen,1210,Donald Young,Feliciano Lopez,,,,,,,,,,,1210
74,2014,frenchopen,1211,Gael Monfils,Jan-Lennard Struff,,,,,,,,,,,1211
75,2014,frenchopen,1212,Thomaz Bellucci,Fabio Fognini,,,,,,,,,,,1212
76,2014,frenchopen,1213,Richard Gasquet,Carlos Berlocq,,,,,,,,,,,1213
77,2014,frenchopen,1214,Pablo Cuevas,Fernando Verdasco,,,,,,,,,,,1214
78,2014,frenchopen,1215,Philipp Kohlschreiber,Denis Istomin,,,,,,,,,,,1215
79,2014,frenchopen,1216,Marinko Matosevic,Andy Murray,,,,,,,,,,,1216
80,2014,frenchopen,1217,Tomas Berdych,Aleksandr Nedovyesov,,,,,,,,,,,1217
81,2014,frenchopen,1218,Benoit Paire,Roberto Bautista Agut,,,,,,,,,,,1218
82,2014,frenchopen,1219,Tommy Robredo,Kenny De Schepper,,,,,,,,,,,1219
83,2014,frenchopen,1220,Mikhail Kukushkin,John Isner,,,,,,,,,,,1220
84,2014,frenchopen,1221,Mikhail Youzhny,Radek Stepanek,,,,,,,,,,,1221
85,2014,frenchopen,1222,Facundo Bagnis,Ernests Gulbis,,,,,,,,,,,1222
86,2014,frenchopen,1223,Dmitry Tursunov,Sam Querrey,,,,,,,,,,,1223
87,2014,frenchopen,1224,Ds.Schwartzman,Roger Federer,,,,,,,,,,,1224
88,2014,frenchopen,1225,Milos Raonic,Jiri Vesely,,,,,,,,,,,1225
89,2014,frenchopen,1226,Alejandro Gonzalez,Gilles Simon,,,,,,,,,,,1226
90,2014,frenchopen,1227,Alexandr Dolgopolov,Marcel Granollers,,,,,,,,,,,1227
91,2014,frenchopen,1228,Robin Haase,Martin Klizan,,,,,,,,,,,1228
92,2014,frenchopen,1229,Jo-Wilfried Tsonga,Jurgen Melzer,,,,,,,,,,,1229
93,2014,frenchopen,1230,Jarkko Nieminen,Jerzy Janowicz,,,,,,,,,,,1230
94,2014,frenchopen,1231,Marin Cilic,Tobias Kamke,,,,,,,,,,,1231
95,2014,frenchopen,1232,Jeremy Chardy,Novak Djokovic,,,,,,,,,,,1232
96,2014,frenchopen,1301,Rafael Nadal,Leonardo Mayer,,,,,,,,,,,1301
97,2014,frenchopen,1302,Jack Sock,Dusan Lajovic,,,,,,,,,,,1302
98,2014,frenchopen,1303,Ivo Karlovic,Kevin Anderson,,,,,,,,,,,1303
99,2014,frenchopen,1304,Andreas Seppi,David Ferrer,,,,,,,,,,,1304
100,2014,frenchopen,1305,Guillermo Garcia-Lopez,Donald Young,,,,,,,,,,,1305
101,2014,frenchopen,1306,Gael Monfils,Fabio Fognini,,,,,,,,,,,1306
102,2014,frenchopen,1307,Richard Gasquet,Fernando Verdasco,,,,,,,,,,,1307
103,2014,frenchopen,1308,Philipp Kohlschreiber,Andy Murray,,,,,,,,,,,1308
104,2014,frenchopen,1309,Tomas Berdych,Roberto Bautista Agut,,,,,,,,,,,1309
105,2014,frenchopen,1310,Tommy Robredo,John Isner,,,,,,,,,,,1310
106,2014,frenchopen,1311,Radek Stepanek,Ernests Gulbis,,,,,,,,,,,1311
107,2014,frenchopen,1312,Dmitry Tursunov,Roger Federer,,,,,,,,,,,1312
108,2014,frenchopen,1313,Milos Raonic,Gilles Simon,,,,,,,,,,,1313
109,2014,frenchopen,1314,Marcel Granollers,Martin Klizan,,,,,,,,,,,1314
110,2014,frenchopen,1315,Jo-Wilfried Tsonga,Jerzy Janowicz,,,,,,,,,,,1315
111,2014,frenchopen,1316,Marin Cilic,Novak Djokovic,,,,,,,,,,,1316
112,2014,frenchopen,1401,Rafael Nadal,Dusan Lajovic,,,,,,,,,,,1401
113,2014,frenchopen,1402,Kevin Anderson,David Ferrer,,,,,,,,,,,1402
114,2014,frenchopen,1403,Guillermo Garcia-Lopez,Gael Monfils,,,,,,,,,,,1403
115,2014,frenchopen,1404,Fernando Verdasco,Andy Murray,,,,,,,,,,,1404
116,2014,frenchopen,1405,Tomas Berdych,John Isner,,,,,,,,,,,1405
117,2014,frenchopen,1406,Ernests Gulbis,Roger Federer,,,,,,,,,,,1406
118,2014,frenchopen,1407,Milos Raonic,Marcel Granollers,,,,,,,,,,,1407
119,2014,frenchopen,1408,Jo-Wilfried Tsonga,Novak Djokovic,,,,,,,,,,,1408
120,2014,frenchopen,1501,Rafael Nadal,David Ferrer,,,,,,,,,,,1501
121,2014,frenchopen,1502,Gael Monfils,Andy Murray,,,,,,,,,,,1502
122,2014,frenchopen,1503,Tomas Berdych,Ernests Gulbis,,,,,,,,,,,1503
123,2014,frenchopen,1504,Milos Raonic,Novak Djokovic,,,,,,,,,,,1504
124,2014,frenchopen,1601,Rafael Nadal,Andy Murray,,,,,,,,,,,1601
125,2014,frenchopen,1602,Ernests Gulbis,Novak Djokovic,,,,,,,,,,,1602
126,2014,frenchopen,1701,Rafael Nadal,Novak Djokovic,,,,,,,,,,,1701
0,2014,usopen,1101,Novak Djokovic,Diego Schwartzman,,,,,,,,,,,1101
1,2014,usopen,1103,Maximo Gonzalez,Sam Querrey,,,,,,,,,,,1103
2,2014,usopen,1106,Michael Llodra,Daniel Gimeno-Traver,,,,,,,,,,,1106
3,2014,usopen,1108,Marcos Giron,John Isner,,,,,,,,,,,1108
4,2014,usopen,1109,Jo-Wilfried Tsonga,Juan Monaco,,,,,,,,,,,1109
5,2014,usopen,1110,James McGee,Aleksandr Nedovyesov,,,,,,,,,,,1110
6,2014,usopen,1112,Benoit Paire,Julien Benneteau,,,,,,,,,,,1112
7,2014,usopen,1114,Bradley Klahn,Andrey Kuznetsov,,,,,,,,,,,1114
8,2014,usopen,1116,Robin Haase,Andy Murray,,,,,,,,,,,1116
9,2014,usopen,1117,Stan Wawrinka,Jiri Vesely,,,,,,,,,,,1117
10,2014,usopen,1119,Blaz Kavcic,Donald Young,,,,,,,,,,,1119
11,2014,usopen,1121,Mikhail Youzhny,Nick Kyrgios,,,,,,,,,,,1121
12,2014,usopen,1123,Simone Bolelli,Vasek Pospisil,,,,,,,,,,,1123
13,2014,usopen,1124,Edouard Roger-Vasselin,Tommy Robredo,,,,,,,,,,,1124
14,2014,usopen,1125,Kei Nishikori,Wayne Odesnik,,,,,,,,,,,1125
15,2014,usopen,1126,Pablo Andujar,Jack Sock,,,,,,,,,,,1126
16,2014,usopen,1132,Taro Daniel,Milos Raonic,,,,,,,,,,,1132
17,2014,usopen,1133,Tomas Berdych,Lleyton Hewitt,,,,,,,,,,,1133
18,2014,usopen,1136,Teymuraz Gabashvili,Santiago Giraldo,,,,,,,,,,,1136
19,2014,usopen,1137,Feliciano Lopez,Ivan Dodig,,,,,,,,,,,1137
20,2014,usopen,1138,Steve Johnson,Tatsuma Ito,,,,,,,,,,,1138
21,2014,usopen,1140,Kenny De Schepper,Ernests Gulbis,,,,,,,,,,,1140
22,2014,usopen,1141,Marin Cilic,Marcos Baghdatis,,,,,,,,,,,1141
23,2014,usopen,1143,Jerzy Janowicz,Dusan Lajovic,,,,,,,,,,,1143
24,2014,usopen,1144,Pablo Cuevas,Kevin Anderson,,,,,,,,,,,1144
25,2014,usopen,1145,Gilles Simon,Radu Albot,,,,,,,,,,,1145
26,2014,usopen,1146,Noah Rubin,Federico Delbonis,,,,,,,,,,,1146
27,2014,usopen,1147,Bernard Tomic,Dustin Brown,,,,,,,,,,,1147
28,2014,usopen,1148,Damir Dzumhur,David Ferrer,,,,,,,,,,,1148
29,2014,usopen,1149,Grigor Dimitrov,Ryan Harrison,,,,,,,,,,,1149
30,2014,usopen,1150,Carlos Berlocq,Dudi Sela,,,,,,,,,,,1150
31,2014,usopen,1152,Frank Dancevic,Joao Sousa,,,,,,,,,,,1152
32,2014,usopen,1153,Gael Monfils,Jared Donaldson,,,,,,,,,,,1153
33,2014,usopen,1155,Yoshihito Nishioka,Paolo Lorenzi,,,,,,,,,,,1155
34,2014,usopen,1156,Denis Istomin,Richard Gasquet,,,,,,,,,,,1156
35,2014,usopen,1157,Fabio Fognini,Andrey Golubev,,,,,,,,,,,1157
36,2014,usopen,1159,Filip Krajinovic,Tim Smyczek,,,,,,,,,,,1159
37,2014,usopen,1164,Marinko Matosevic,Roger Federer,,,,,,,,,,,1164
38,2014,usopen,1201,Novak Djokovic,Paul-Henri Mathieu,,,,,,,,,,,1201
39,2014,usopen,1202,Sam Querrey,Guillermo Garcia-Lopez,,,,,,,,,,,1202
40,2014,usopen,1203,Philipp Kohlschreiber,Michael Llodra,,,,,,,,,,,1203
41,2014,usopen,1204,Jan-Lennard Struff,John Isner,,,,,,,,,,,1204
42,2014,usopen,1205,Jo-Wilfried Tsonga,Aleksandr Nedovyesov,,,,,,,,,,,1205
43,2014,usopen,1206,Pablo Carreno Busta,Benoit Paire,,,,,,,,,,,1206
44,2014,usopen,1207,Fernando Verdasco,Andrey Kuznetsov,,,,,,,,,,,1207
45,2014,usopen,1208,Matthias Bachinger,Andy Murray,,,,,,,,,,,1208
46,2014,usopen,1209,Stan Wawrinka,Thomaz Bellucci,,,,,,,,,,,1209
47,2014,usopen,1210,Blaz Kavcic,Jeremy Chardy,,,,,,,,,,,1210
48,2014,usopen,1211,Nick Kyrgios,Andreas Seppi,,,,,,,,,,,1211
49,2014,usopen,1212,Simone Bolelli,Tommy Robredo,,,,,,,,,,,1212
50,2014,usopen,1213,Kei Nishikori,Pablo Andujar,,,,,,,,,,,1213
51,2014,usopen,1214,Matthew Ebden,Leonardo Mayer,,,,,,,,,,,1214
52,2014,usopen,1216,Peter Gojowczyk,Milos Raonic,,,,,,,,,,,1216
53,2014,usopen,1217,Tomas Berdych,Martin Klizan,,,,,,,,,,,1217
54,2014,usopen,1219,Feliciano Lopez,Tatsuma Ito,,,,,,,,,,,1219
55,2014,usopen,1220,Dominic Thiem,Ernests Gulbis,,,,,,,,,,,1220
56,2014,usopen,1221,Marin Cilic,Illya Marchenko,,,,,,,,,,,1221
57,2014,usopen,1222,Jerzy Janowicz,Kevin Anderson,,,,,,,,,,,1222
58,2014,usopen,1223,Gilles Simon,Federico Delbonis,,,,,,,,,,,1223
59,2014,usopen,1225,Grigor Dimitrov,Dudi Sela,,,,,,,,,,,1225
60,2014,usopen,1227,Gael Monfils,Alejandro Gonzalez,,,,,,,,,,,1227
61,2014,usopen,1228,Paolo Lorenzi,Richard Gasquet,,,,,,,,,,,1228
62,2014,usopen,1229,Fabio Fognini,Adrian Mannarino,,,,,,,,,,,1229
63,2014,usopen,1230,Tim Smyczek,Roberto Bautista Agut,,,,,,,,,,,1230
64,2014,usopen,1232,Sam Groth,Roger Federer,,,,,,,,,,,1232
65,2014,usopen,1301,Novak Djokovic,Sam Querrey,,,,,,,,,,,1301
66,2014,usopen,1302,Philipp Kohlschreiber,John Isner,,,,,,,,,,,1302
67,2014,usopen,1303,Jo-Wilfried Tsonga,Pablo Carreno Busta,,,,,,,,,,,1303
68,2014,usopen,1304,Andrey Kuznetsov,Andy Murray,,,,,,,,,,,1304
69,2014,usopen,1306,Nick Kyrgios,Tommy Robredo,,,,,,,,,,,1306
70,2014,usopen,1307,Kei Nishikori,Leonardo Mayer,,,,,,,,,,,1307
71,2014,usopen,1308,Victor Estrella Burgos,Milos Raonic,,,,,,,,,,,1308
72,2014,usopen,1309,Tomas Berdych,Teymuraz Gabashvili,,,,,,,,,,,1309
73,2014,usopen,1310,Feliciano Lopez,Dominic Thiem,,,,,,,,,,,1310
74,2014,usopen,1311,Marin Cilic,Kevin Anderson,,,,,,,,,,,1311
75,2014,usopen,1312,Gilles Simon,David Ferrer,,,,,,,,,,,1312
76,2014,usopen,1313,Grigor Dimitrov,David Goffin,,,,,,,,,,,1313
77,2014,usopen,1314,Gael Monfils,Richard Gasquet,,,,,,,,,,,1314
78,2014,usopen,1315,Adrian Mannarino,Roberto Bautista Agut,,,,,,,,,,,1315
79,2014,usopen,1316,Marcel Granollers,Roger Federer,,,,,,,,,,,1316
80,2014,usopen,1401,Novak Djokovic,Philipp Kohlschreiber,,,,,,,,,,,1401
81,2014,usopen,1402,Jo-Wilfried Tsonga,Andy Murray,,,,,,,,,,,1402
82,2014,usopen,1403,Stan Wawrinka,Tommy Robredo,,,,,,,,,,,1403
83,2014,usopen,1404,Kei Nishikori,Milos Raonic,,,,,,,,,,,1404
84,2014,usopen,1405,Tomas Berdych,Dominic Thiem,,,,,,,,,,,1405
85,2014,usopen,1406,Marin Cilic,Gilles Simon,,,,,,,,,,,1406
86,2014,usopen,1407,Grigor Dimitrov,Gael Monfils,,,,,,,,,,,1407
87,2014,usopen,1408,Roberto Bautista Agut,Roger Federer,,,,,,,,,,,1408
88,2014,usopen,1501,Novak Djokovic,Andy Murray,,,,,,,,,,,1501
89,2014,usopen,1502,Stan Wawrinka,Kei Nishikori,,,,,,,,,,,1502
90,2014,usopen,1503,Tomas Berdych,Marin Cilic,,,,,,,,,,,1503
91,2014,usopen,1504,Gael Monfils,Roger Federer,,,,,,,,,,,1504
92,2014,usopen,1601,Novak Djokovic,Kei Nishikori,,,,,,,,,,,1601
93,2014,usopen,1602,Marin Cilic,Roger Federer,,,,,,,,,,,1602
94,2014,usopen,1701,Kei Nishikori,Marin Cilic,,,,,,,,,,,1701
0,2014,wimbledon,1101,Novak Djokovic,Andrey Golubev,,,,,,,,,,,1101
1,2014,wimbledon,1102,Radek Stepanek,Pablo Cuevas,,,,,,,,,,,1102
2,2014,wimbledon,1103,Konstantin Kravchuk,Gilles Simon,,,,,,,,,,,1103
3,2014,wimbledon,1104,Robin Haase,Vasek Pospisil,,,,,,,,,,,1104
4,2014,wimbledon,1105,Mikhail Youzhny,James Ward,,,,,,,,,,,1105
5,2014,wimbledon,1106,Jimmy Wang,Alejandro Gonzalez,,,,,,,,,,,1106
6,2014,wimbledon,1107,Bradley Klahn,Sam Querrey,,,,,,,,,,,1107
7,2014,wimbledon,1108,Jurgen Melzer,Jo-Wilfried Tsonga,,,,,,,,,,,1108
8,2014,wimbledon,1109,Ernests Gulbis,Jurgen Zopp,,,,,,,,,,,1109
9,2014,wimbledon,1110,Sergiy Stakhovsky,Carlos Berlocq,,,,,,,,,,,1110
10,2014,wimbledon,1111,Jeremy Chardy,Daniel Cox,,,,,,,,,,,1111
11,2014,wimbledon,1112,Marinko Matosevic,Fernando Verdasco,,,,,,,,,,,1112
12,2014,wimbledon,1113,Marin Cilic,Paul-Henri Mathieu,,,,,,,,,,,1113
13,2014,wimbledon,1114,Andreas Haider-Maurer,Kyle Edmund,,,,,,,,,,,1114
14,2014,wimbledon,1115,Bernard Tomic,Evgeny Donskoy,,,,,,,,,,,1115
15,2014,wimbledon,1116,Victor Hanescu,Tomas Berdych,,,,,,,,,,,1116
16,2014,wimbledon,1117,Andy Murray,David Goffin,,,,,,,,,,,1117
17,2014,wimbledon,1118,Pablo Andujar,Blaz Rola,,,,,,,,,,,1118
18,2014,wimbledon,1119,Tobias Kamke,Jan Hernych,,,,,,,,,,,1119
19,2014,wimbledon,1120,Steve Johnson,Roberto Bautista Agut,,,,,,,,,,,1120
20,2014,wimbledon,1121,Kevin Anderson,Aljaz Bedene,,,,,,,,,,,1121
21,2014,wimbledon,1122,Filippo Volandri,Edouard Roger-Vasselin,,,,,,,,,,,1122
22,2014,wimbledon,1123,Teymuraz Gabashvili,Tim Puetz,,,,,,,,,,,1123
23,2014,wimbledon,1124,Alex Kuznetsov,Fabio Fognini,,,,,,,,,,,1124
24,2014,wimbledon,1125,Grigor Dimitrov,Ryan Harrison,,,,,,,,,,,1125
25,2014,wimbledon,1126,Luke Saville,Dominic Thiem,,,,,,,,,,,1126
26,2014,wimbledon,1127,Donald Young,Benjamin Becker,,,,,,,,,,,1127
27,2014,wimbledon,1128,Samuel Groth,Alexandr Dolgopolov,,,,,,,,,,,1128
28,2014,wimbledon,1129,Andreas Seppi,Leonardo Mayer,,,,,,,,,,,1129
29,2014,wimbledon,1130,Dustin Brown,Marcos Baghdatis,,,,,,,,,,,1130
30,2014,wimbledon,1131,Andrey Kuznetsov,Daniel Evans,,,,,,,,,,,1131
31,2014,wimbledon,1132,Pablo Carreno Busta,David Ferrer,,,,,,,,,,,1132
32,2014,wimbledon,1133,Stan Wawrinka,Joao Sousa,,,,,,,,,,,1133
33,2014,wimbledon,1134,Yen-Hsun Lu,Aleksandr Nedovyesov,,,,,,,,,,,1134
34,2014,wimbledon,1135,Michael Russell,Julian Reister,,,,,,,,,,,1135
35,2014,wimbledon,1136,Denis Istomin,Dmitry Tursunov,,,,,,,,,,,1136
36,2014,wimbledon,1137,Feliciano Lopez,Yuichi Sugita,,,,,,,,,,,1137
37,2014,wimbledon,1138,Alejandro Falla,Ante Pavic,,,,,,,,,,,1138
38,2014,wimbledon,1139,Jarkko Nieminen,Federico Delbonis,,,,,,,,,,,1139
39,2014,wimbledon,1140,Daniel Smethurst,John Isner,,,,,,,,,,,1140
40,2014,wimbledon,1141,Jerzy Janowicz,Somdev Devvarman,,,,,,,,,,,1141
41,2014,wimbledon,1142,Lleyton Hewitt,Michal Przysiezny,,,,,,,,,,,1142
42,2014,wimbledon,1143,Pere Riba,Adrian Mannarino,,,,,,,,,,,1143
43,2014,wimbledon,1144,Lukas Lacko,Tommy Robredo,,,,,,,,,,,1144
44,2014,wimbledon,1145,Marcel Granollers,Nicolas Mahut,,,,,,,,,,,1145
45,2014,wimbledon,1146,Daniel Gimeno-Traver,Santiago Giraldo,,,,,,,,,,,1146
46,2014,wimbledon,1147,Gilles Muller,Julien Benneteau,,,,,,,,,,,1147
47,2014,wimbledon,1148,Paolo Lorenzi,Roger Federer,,,,,,,,,,,1148
48,2014,wimbledon,1149,Milos Raonic,Matthew Ebden,,,,,,,,,,,1149
49,2014,wimbledon,1150,Pierre-Hugues Herbert,Jack Sock,,,,,,,,,,,1150
50,2014,wimbledon,1151,Lukasz Kubot,Jan-Lennard Struff,,,,,,,,,,,1151
51,2014,wimbledon,1152,Dusan Lajovic,Guillermo Garcia-Lopez,,,,,,,,,,,1152
52,2014,wimbledon,1153,Philipp Kohlschreiber,Igor Sijsling,,,,,,,,,,,1153
53,2014,wimbledon,1154,Tatsuma Ito,Simone Bolelli,,,,,,,,,,,1154
54,2014,wimbledon,1155,Marsel Ilhan,Denis Kudla,,,,,,,,,,,1155
55,2014,wimbledon,1156,Kenny De Schepper,Kei Nishikori,,,,,,,,,,,1156
56,2014,wimbledon,1157,Richard Gasquet,James Duckworth,,,,,,,,,,,1157
57,2014,wimbledon,1158,Nick Kyrgios,Stephane Robert,,,,,,,,,,,1158
58,2014,wimbledon,1159,Jiri Vesely,Victor Estrella,,,,,,,,,,,1159
59,2014,wimbledon,1160,Malek Jaziri,Gael Monfils,,,,,,,,,,,1160
60,2014,wimbledon,1161,Ivo Karlovic,Frank Dancevic,,,,,,,,,,,1161
61,2014,wimbledon,1162,Dudi Sela,Mikhail Kukushkin,,,,,,,,,,,1162
62,2014,wimbledon,1163,Benoit Paire,Lukas Rosol,,,,,,,,,,,1163
63,2014,wimbledon,1164,Martin Klizan,Rafael Nadal,,,,,,,,,,,1164
64,2014,wimbledon,1201,Novak Djokovic,Radek Stepanek,,,,,,,,,,,1201
65,2014,wimbledon,1202,Gilles Simon,Robin Haase,,,,,,,,,,,1202
66,2014,wimbledon,1203,Mikhail Youzhny,Jimmy Wang,,,,,,,,,,,1203
67,2014,wimbledon,1204,Sam Querrey,Jo-Wilfried Tsonga,,,,,,,,,,,1204
68,2014,wimbledon,1205,Ernests Gulbis,Sergiy Stakhovsky,,,,,,,,,,,1205
69,2014,wimbledon,1206,Jeremy Chardy,Marinko Matosevic,,,,,,,,,,,1206
70,2014,wimbledon,1207,Marin Cilic,Andreas Haider-Maurer,,,,,,,,,,,1207
71,2014,wimbledon,1208,Bernard Tomic,Tomas Berdych,,,,,,,,,,,1208
72,2014,wimbledon,1209,Andy Murray,Blaz Rola,,,,,,,,,,,1209
73,2014,wimbledon,1210,Jan Hernych,Roberto Bautista Agut,,,,,,,,,,,1210
74,2014,wimbledon,1211,Kevin Anderson,Edouard Roger-Vasselin,,,,,,,,,,,1211
75,2014,wimbledon,1212,Tim Puetz,Fabio Fognini,,,,,,,,,,,1212
76,2014,wimbledon,1213,Grigor Dimitrov,Luke Saville,,,,,,,,,,,1213
77,2014,wimbledon,1214,Benjamin Becker,Alexandr Dolgopolov,,,,,,,,,,,1214
78,2014,wimbledon,1215,Leonardo Mayer,Marcos Baghdatis,,,,,,,,,,,1215
79,2014,wimbledon,1216,Andrey Kuznetsov,David Ferrer,,,,,,,,,,,1216
80,2014,wimbledon,1217,Stan Wawrinka,Yen-Hsun Lu,,,,,,,,,,,1217
81,2014,wimbledon,1218,Julian Reister,Denis Istomin,,,,,,,,,,,1218
82,2014,wimbledon,1219,Feliciano Lopez,Ante Pavic,,,,,,,,,,,1219
83,2014,wimbledon,1220,Jarkko Nieminen,John Isner,,,,,,,,,,,1220
84,2014,wimbledon,1221,Jerzy Janowicz,Lleyton Hewitt,,,,,,,,,,,1221
85,2014,wimbledon,1222,Adrian Mannarino,Tommy Robredo,,,,,,,,,,,1222
86,2014,wimbledon,1223,Marcel Granollers,Santiago Giraldo,,,,,,,,,,,1223
87,2014,wimbledon,1224,Gilles Muller,Roger Federer,,,,,,,,,,,1224
88,2014,wimbledon,1225,Milos Raonic,Jack Sock,,,,,,,,,,,1225
89,2014,wimbledon,1226,Lukasz Kubot,Dusan Lajovic,,,,,,,,,,,1226
90,2014,wimbledon,1227,Philipp Kohlschreiber,Simone Bolelli,,,,,,,,,,,1227
91,2014,wimbledon,1228,Denis Kudla,Kei Nishikori,,,,,,,,,,,1228
92,2014,wimbledon,1229,Richard Gasquet,Nick Kyrgios,,,,,,,,,,,1229
93,2014,wimbledon,1230,Jiri Vesely,Gael Monfils,,,,,,,,,,,1230
94,2014,wimbledon,1231,Frank Dancevic,Mikhail Kukushkin,,,,,,,,,,,1231
95,2014,wimbledon,1232,Lukas Rosol,Rafael Nadal,,,,,,,,,,,1232
96,2014,wimbledon,1301,Novak Djokovic,Gilles Simon,,,,,,,,,,,1301
97,2014,wimbledon,1302,Jimmy Wang,Jo-Wilfried Tsonga,,,,,,,,,,,1302
98,2014,wimbledon,1303,Sergiy Stakhovsky,Jeremy Chardy,,,,,,,,,,,1303
99,2014,wimbledon,1304,Marin Cilic,Tomas Berdych,,,,,,,,,,,1304
100,2014,wimbledon,1305,Andy Murray,Roberto Bautista Agut,,,,,,,,,,,1305
101,2014,wimbledon,1306,Kevin Anderson,Fabio Fognini,,,,,,,,,,,1306
102,2014,wimbledon,1307,Grigor Dimitrov,Alexandr Dolgopolov,,,,,,,,,,,1307
103,2014,wimbledon,1308,Leonardo Mayer,Andrey Kuznetsov,,,,,,,,,,,1308
104,2014,wimbledon,1309,Stan Wawrinka,Denis Istomin,,,,,,,,,,,1309
105,2014,wimbledon,1310,Feliciano Lopez,John Isner,,,,,,,,,,,1310
106,2014,wimbledon,1311,Jerzy Janowicz,Tommy Robredo,,,,,,,,,,,1311
107,2014,wimbledon,1312,Santiago Giraldo,Roger Federer,,,,,,,,,,,1312
108,2014,wimbledon,1313,Milos Raonic,Lukasz Kubot,,,,,,,,,,,1313
109,2014,wimbledon,1314,Simone Bolelli,Kei Nishikori,,,,,,,,,,,1314
110,2014,wimbledon,1315,Nick Kyrgios,Jiri Vesely,,,,,,,,,,,1315
111,2014,wimbledon,1316,Mikhail Kukushkin,Rafael Nadal,,,,,,,,,,,1316
112,2014,wimbledon,1401,Novak Djokovic,Jo-Wilfried Tsonga,,,,,,,,,,,1401
113,2014,wimbledon,1402,Jeremy Chardy,Marin Cilic,,,,,,,,,,,1402
114,2014,wimbledon,1403,Andy Murray,Kevin Anderson,,,,,,,,,,,1403
115,2014,wimbledon,1404,Grigor Dimitrov,Leonardo Mayer,,,,,,,,,,,1404
116,2014,wimbledon,1405,Stan Wawrinka,Feliciano Lopez,,,,,,,,,,,1405
117,2014,wimbledon,1406,Tommy Robredo,Roger Federer,,,,,,,,,,,1406
118,2014,wimbledon,1407,Milos Raonic,Kei Nishikori,,,,,,,,,,,1407
119,2014,wimbledon,1408,Nick Kyrgios,Rafael Nadal,,,,,,,,,,,1408
120,2014,wimbledon,1501,Novak Djokovic,Marin Cilic,,,,,,,,,,,1501
121,2014,wimbledon,1502,Andy Murray,Grigor Dimitrov,,,,,,,,,,,1502
122,2014,wimbledon,1503,Stan Wawrinka,Roger Federer,,,,,,,,,,,1503
123,2014,wimbledon,1504,Milos Raonic,Nick Kyrgios,,,,,,,,,,,1504
124,2014,wimbledon,1601,Novak Djokovic,Grigor Dimitrov,,,,,,,,,,,1601
125,2014,wimbledon,1602,Roger Federer,Milos Raonic,,,,,,,,,,,1602
126,2014,wimbledon,1701,Novak Djokovic,Roger Federer,,,,,,,,,,,1701
